"Notes","Residence County","Residence County Code","Year","Year Code",Deaths,Population,Crude Rate,Crude Rate Lower 95% Confidence Interval,Crude Rate Upper 95% Confidence Interval
,"Alameda County, CA","06001","2018","2018",191,1666753,11.46,9.83,13.08
,"Alameda County, CA","06001","2019","2019",250,1671329,14.96,13.10,16.81
,"Alameda County, CA","06001","2020","2020",320,1662323,19.25,17.14,21.36
,"Alameda County, CA","06001","2021","2021",332,1648556,20.14,17.97,22.31
,"Alameda County, CA","06001","2022","2022",331,1628997,20.32,18.13,22.51
,"Alameda County, CA","06001","2023","2023",414,1622188,25.52,23.06,27.98
,"Alameda County, CA","06001","2024","2024",336,1649060,20.38,18.20,22.55
,"Amador County, CA","06005","2019","2019",13,39752,32.70,17.41,55.92
,"Amador County, CA","06005","2021","2021",11,41259,26.66,13.31,47.70
,"Butte County, CA","06007","2018","2018",59,231256,25.51,19.42,32.91
,"Butte County, CA","06007","2019","2019",55,219186,25.09,18.90,32.66
,"Butte County, CA","06007","2020","2020",70,212744,32.90,25.65,41.57
,"Butte County, CA","06007","2021","2021",120,208309,57.61,47.30,67.91
,"Butte County, CA","06007","2022","2022",111,207303,53.54,43.58,63.51
,"Butte County, CA","06007","2023","2023",136,207172,65.65,54.61,76.68
,"Butte County, CA","06007","2024","2024",114,208334,54.72,44.67,64.76
,"Calaveras County, CA","06009","2019","2019",12,45905,26.14,13.51,45.66
,"Calaveras County, CA","06009","2021","2021",12,46221,25.96,13.41,45.35
,"Calaveras County, CA","06009","2023","2023",17,46565,36.51,21.27,58.45
,"Calaveras County, CA","06009","2024","2024",10,46505,21.50,10.31,39.54
,"Contra Costa County, CA","06013","2018","2018",162,1150215,14.08,11.92,16.25
,"Contra Costa County, CA","06013","2019","2019",164,1153526,14.22,12.04,16.39
,"Contra Costa County, CA","06013","2020","2020",234,1152333,20.31,17.70,22.91
,"Contra Costa County, CA","06013","2021","2021",265,1161413,22.82,20.07,25.56
,"Contra Costa County, CA","06013","2022","2022",253,1156966,21.87,19.17,24.56
,"Contra Costa County, CA","06013","2023","2023",272,1155025,23.55,20.75,26.35
,"Contra Costa County, CA","06013","2024","2024",223,1172607,19.02,16.52,21.51
,"Del Norte County, CA","06015","2021","2021",10,28100,35.59,17.07,65.45
,"Del Norte County, CA","06015","2022","2022",29,27082,107.08,71.72,153.79
,"Del Norte County, CA","06015","2023","2023",24,26589,90.26,57.83,134.30
,"Del Norte County, CA","06015","2024","2024",18,27009,66.64,39.50,105.33
,"El Dorado County, CA","06017","2018","2018",34,190678,17.83,12.35,24.92
,"El Dorado County, CA","06017","2019","2019",32,192843,16.59,11.35,23.43
,"El Dorado County, CA","06017","2020","2020",39,192925,20.22,14.37,27.63
,"El Dorado County, CA","06017","2021","2021",49,193221,25.36,18.76,33.53
,"El Dorado County, CA","06017","2022","2022",48,192646,24.92,18.37,33.04
,"El Dorado County, CA","06017","2023","2023",40,192215,20.81,14.87,28.34
,"El Dorado County, CA","06017","2024","2024",36,192823,18.67,13.08,25.85
,"Fresno County, CA","06019","2018","2018",110,994400,11.06,8.99,13.13
,"Fresno County, CA","06019","2019","2019",133,999101,13.31,11.05,15.57
,"Fresno County, CA","06019","2020","2020",171,1000918,17.08,14.52,19.64
,"Fresno County, CA","06019","2021","2021",200,1013581,19.73,17.00,22.47
,"Fresno County, CA","06019","2022","2022",223,1015190,21.97,19.08,24.85
,"Fresno County, CA","06019","2023","2023",237,1017162,23.30,20.33,26.27
,"Fresno County, CA","06019","2024","2024",261,1024125,25.49,22.39,28.58
,"Glenn County, CA","06021","2020","2020",12,28283,42.43,21.92,74.11
,"Glenn County, CA","06021","2021","2021",12,28805,41.66,21.53,72.77
,"Glenn County, CA","06021","2022","2022",11,28339,38.82,19.38,69.45
,"Glenn County, CA","06021","2023","2023",15,28129,53.33,29.85,87.95
,"Glenn County, CA","06021","2024","2024",12,28304,42.40,21.91,74.06
,"Humboldt County, CA","06023","2018","2018",33,136373,24.20,16.66,33.98
,"Humboldt County, CA","06023","2019","2019",36,135558,26.56,18.60,36.77
,"Humboldt County, CA","06023","2020","2020",41,134977,30.38,21.80,41.21
,"Humboldt County, CA","06023","2021","2021",59,136310,43.28,32.95,55.83
,"Humboldt County, CA","06023","2022","2022",91,135010,67.40,54.27,82.76
,"Humboldt County, CA","06023","2023","2023",76,133985,56.72,44.69,71.00
,"Humboldt County, CA","06023","2024","2024",57,132380,43.06,32.61,55.79
,"Imperial County, CA","06025","2018","2018",43,181827,23.65,17.11,31.85
,"Imperial County, CA","06025","2019","2019",30,181215,16.55,11.17,23.63
,"Imperial County, CA","06025","2020","2020",64,180267,35.50,27.34,45.34
,"Imperial County, CA","06025","2021","2021",19,179851,10.56,6.36,16.50
,"Imperial County, CA","06025","2022","2022",31,178713,17.35,11.79,24.62
,"Imperial County, CA","06025","2023","2023",22,179057,12.29,7.70,18.60
,"Imperial County, CA","06025","2024","2024",24,181724,13.21,8.46,19.65
,"Inyo County, CA","06027","2021","2021",12,18970,63.26,32.69,110.50
,"Inyo County, CA","06027","2023","2023",10,18527,53.98,25.88,99.26
,"Kern County, CA","06029","2018","2018",228,896764,25.42,22.12,28.72
,"Kern County, CA","06029","2019","2019",262,900202,29.10,25.58,32.63
,"Kern County, CA","06029","2020","2020",361,901362,40.05,35.92,44.18
,"Kern County, CA","06029","2021","2021",492,917673,53.61,48.88,58.35
,"Kern County, CA","06029","2022","2022",491,916108,53.60,48.86,58.34
,"Kern County, CA","06029","2023","2023",500,913820,54.72,49.92,59.51
,"Kern County, CA","06029","2024","2024",371,922529,40.22,36.12,44.31
,"Kings County, CA","06031","2018","2018",20,151366,13.21,8.07,20.41
,"Kings County, CA","06031","2019","2019",25,152940,16.35,10.58,24.13
,"Kings County, CA","06031","2020","2020",22,152692,14.41,9.03,21.81
,"Kings County, CA","06031","2021","2021",29,153443,18.90,12.66,27.14
,"Kings County, CA","06031","2022","2022",31,152981,20.26,13.77,28.76
,"Kings County, CA","06031","2023","2023",27,152682,17.68,11.65,25.73
,"Kings County, CA","06031","2024","2024",27,154913,17.43,11.49,25.36
,"Lake County, CA","06033","2018","2018",44,64382,68.34,49.66,91.75
,"Lake County, CA","06033","2019","2019",47,64386,73.00,53.64,97.07
,"Lake County, CA","06033","2020","2020",46,64479,71.34,52.23,95.16
,"Lake County, CA","06033","2021","2021",67,68766,97.43,75.51,123.73
,"Lake County, CA","06033","2022","2022",61,68191,89.45,68.43,114.91
,"Lake County, CA","06033","2023","2023",48,67878,70.72,52.14,93.76
,"Lake County, CA","06033","2024","2024",62,67764,91.49,70.15,117.29
,"Lassen County, CA","06035","2019","2019",12,30573,39.25,20.28,68.56
,"Lassen County, CA","06035","2022","2022",19,29904,63.54,38.25,99.22
,"Lassen County, CA","06035","2023","2023",19,28861,65.83,39.64,102.81
,"Lassen County, CA","06035","2024","2024",16,28340,56.46,32.27,91.68
,"Los Angeles County, CA","06037","2018","2018",988,10105518,9.78,9.17,10.39
,"Los Angeles County, CA","06037","2019","2019",1267,10039107,12.62,11.93,13.32
,"Los Angeles County, CA","06037","2020","2020",2021,9943046,20.33,19.44,21.21
,"Los Angeles County, CA","06037","2021","2021",2322,9829544,23.62,22.66,24.58
,"Los Angeles County, CA","06037","2022","2022",2440,9721138,25.10,24.10,26.10
,"Los Angeles County, CA","06037","2023","2023",2335,9663345,24.16,23.18,25.14
,"Los Angeles County, CA","06037","2024","2024",1829,9757179,18.75,17.89,19.60
,"Madera County, CA","06039","2018","2018",12,157672,7.61,3.93,13.29
,"Madera County, CA","06039","2019","2019",30,157327,19.07,12.87,27.22
,"Madera County, CA","06039","2020","2020",22,157761,13.95,8.74,21.11
,"Madera County, CA","06039","2021","2021",35,159410,21.96,15.29,30.54
,"Madera County, CA","06039","2022","2022",30,160256,18.72,12.63,26.72
,"Madera County, CA","06039","2023","2023",34,162858,20.88,14.46,29.17
,"Madera County, CA","06039","2024","2024",33,165432,19.95,13.73,28.01
,"Marin County, CA","06041","2018","2018",32,259666,12.32,8.43,17.40
,"Marin County, CA","06041","2019","2019",43,258826,16.61,12.02,22.38
,"Marin County, CA","06041","2020","2020",55,257332,21.37,16.10,27.82
,"Marin County, CA","06041","2021","2021",65,260206,24.98,19.28,31.84
,"Marin County, CA","06041","2022","2022",63,256018,24.61,18.91,31.48
,"Marin County, CA","06041","2023","2023",60,254407,23.58,18.00,30.36
,"Marin County, CA","06041","2024","2024",53,256400,20.67,15.48,27.04
,"Mendocino County, CA","06045","2018","2018",31,87606,35.39,24.04,50.23
,"Mendocino County, CA","06045","2019","2019",42,86749,48.42,34.89,65.44
,"Mendocino County, CA","06045","2020","2020",41,86061,47.64,34.19,64.63
,"Mendocino County, CA","06045","2021","2021",73,91305,79.95,62.67,100.53
,"Mendocino County, CA","06045","2022","2022",65,89783,72.40,55.87,92.28
,"Mendocino County, CA","06045","2023","2023",53,89108,59.48,44.55,77.80
,"Mendocino County, CA","06045","2024","2024",46,89175,51.58,37.77,68.81
,"Merced County, CA","06047","2018","2018",38,274765,13.83,9.79,18.98
,"Merced County, CA","06047","2019","2019",45,277680,16.21,11.82,21.68
,"Merced County, CA","06047","2020","2020",53,279252,18.98,14.22,24.83
,"Merced County, CA","06047","2021","2021",55,286461,19.20,14.46,24.99
,"Merced County, CA","06047","2022","2022",71,290014,24.48,19.12,30.88
,"Merced County, CA","06047","2023","2023",64,291920,21.92,16.88,28.00
,"Merced County, CA","06047","2024","2024",60,296774,20.22,15.43,26.02
,"Monterey County, CA","06053","2018","2018",49,435594,11.25,8.32,14.87
,"Monterey County, CA","06053","2019","2019",64,434061,14.74,11.36,18.83
,"Monterey County, CA","06053","2020","2020",98,430906,22.74,18.46,27.72
,"Monterey County, CA","06053","2021","2021",98,437325,22.41,18.19,27.31
,"Monterey County, CA","06053","2022","2022",90,432858,20.79,16.72,25.56
,"Monterey County, CA","06053","2023","2023",135,430723,31.34,26.06,36.63
,"Monterey County, CA","06053","2024","2024",116,436251,26.59,21.75,31.43
,"Napa County, CA","06055","2018","2018",17,139417,12.19,7.10,19.52
,"Napa County, CA","06055","2019","2019",17,137744,12.34,7.19,19.76
,"Napa County, CA","06055","2020","2020",20,135965,14.71,8.99,22.72
,"Napa County, CA","06055","2021","2021",21,136207,15.42,9.54,23.57
,"Napa County, CA","06055","2022","2022",35,134300,26.06,18.15,36.24
,"Napa County, CA","06055","2023","2023",22,133216,16.51,10.35,25.00
,"Napa County, CA","06055","2024","2024",15,132727,11.30,6.33,18.64
,"Nevada County, CA","06057","2018","2018",15,99696,15.05,8.42,24.82
,"Nevada County, CA","06057","2019","2019",16,99755,16.04,9.17,26.05
,"Nevada County, CA","06057","2020","2020",37,99606,37.15,26.15,51.20
,"Nevada County, CA","06057","2021","2021",43,103487,41.55,30.07,55.97
,"Nevada County, CA","06057","2022","2022",34,102293,33.24,23.02,46.45
,"Nevada County, CA","06057","2023","2023",47,102037,46.06,33.84,61.25
,"Nevada County, CA","06057","2024","2024",39,102195,38.16,27.14,52.17
,"Orange County, CA","06059","2018","2018",416,3185968,13.06,11.80,14.31
,"Orange County, CA","06059","2019","2019",408,3175692,12.85,11.60,14.09
,"Orange County, CA","06059","2020","2020",653,3166857,20.62,19.04,22.20
,"Orange County, CA","06059","2021","2021",932,3167809,29.42,27.53,31.31
,"Orange County, CA","06059","2022","2022",809,3151184,25.67,23.90,27.44
,"Orange County, CA","06059","2023","2023",761,3135755,24.27,22.54,25.99
,"Orange County, CA","06059","2024","2024",580,3170435,18.29,16.81,19.78
,"Placer County, CA","06061","2018","2018",44,393149,11.19,8.13,15.02
,"Placer County, CA","06061","2019","2019",63,398329,15.82,12.15,20.24
,"Placer County, CA","06061","2020","2020",67,402950,16.63,12.89,21.12
,"Placer County, CA","06061","2021","2021",78,412300,18.92,14.95,23.61
,"Placer County, CA","06061","2022","2022",88,417772,21.06,16.89,25.95
,"Placer County, CA","06061","2023","2023",78,423561,18.42,14.56,22.98
,"Placer County, CA","06061","2024","2024",65,433822,14.98,11.56,19.10
,"Riverside County, CA","06065","2018","2018",440,2450758,17.95,16.28,19.63
,"Riverside County, CA","06065","2019","2019",460,2470546,18.62,16.92,20.32
,"Riverside County, CA","06065","2020","2020",695,2489188,27.92,25.84,30.00
,"Riverside County, CA","06065","2021","2021",830,2458395,33.76,31.46,36.06
,"Riverside County, CA","06065","2022","2022",875,2473902,35.37,33.03,37.71
,"Riverside County, CA","06065","2023","2023",873,2492442,35.03,32.70,37.35
,"Riverside County, CA","06065","2024","2024",659,2529933,26.05,24.06,28.04
,"Sacramento County, CA","06067","2018","2018",249,1540975,16.16,14.15,18.17
,"Sacramento County, CA","06067","2019","2019",321,1552058,20.68,18.42,22.94
,"Sacramento County, CA","06067","2020","2020",290,1559146,18.60,16.46,20.74
,"Sacramento County, CA","06067","2021","2021",497,1588921,31.28,28.53,34.03
,"Sacramento County, CA","06067","2022","2022",562,1584169,35.48,32.54,38.41
,"Sacramento County, CA","06067","2023","2023",638,1584288,40.27,37.15,43.40
,"Sacramento County, CA","06067","2024","2024",532,1611231,33.02,30.21,35.82
,"San Benito County, CA","06069","2020","2020",10,64055,15.61,7.49,28.71
,"San Benito County, CA","06069","2021","2021",15,66677,22.50,12.59,37.10
,"San Benito County, CA","06069","2022","2022",16,67579,23.68,13.53,38.45
,"San Benito County, CA","06069","2023","2023",17,68175,24.94,14.53,39.92
,"San Benito County, CA","06069","2024","2024",12,69159,17.35,8.97,30.31
,"San Bernardino County, CA","06071","2018","2018",278,2171603,12.80,11.30,14.31
,"San Bernardino County, CA","06071","2019","2019",252,2180085,11.56,10.13,12.99
,"San Bernardino County, CA","06071","2020","2020",518,2189183,23.66,21.62,25.70
,"San Bernardino County, CA","06071","2021","2021",559,2194710,25.47,23.36,27.58
,"San Bernardino County, CA","06071","2022","2022",515,2193656,23.48,21.45,25.50
,"San Bernardino County, CA","06071","2023","2023",602,2195611,27.42,25.23,29.61
,"San Bernardino County, CA","06071","2024","2024",473,2214281,21.36,19.44,23.29
,"San Diego County, CA","06073","2018","2018",481,3343364,14.39,13.10,15.67
,"San Diego County, CA","06073","2019","2019",483,3338330,14.47,13.18,15.76
,"San Diego County, CA","06073","2020","2020",760,3332427,22.81,21.18,24.43
,"San Diego County, CA","06073","2021","2021",980,3286069,29.82,27.96,31.69
,"San Diego County, CA","06073","2022","2022",997,3276208,30.43,28.54,32.32
,"San Diego County, CA","06073","2023","2023",928,3269973,28.38,26.55,30.21
,"San Diego County, CA","06073","2024","2024",694,3298799,21.04,19.47,22.60
,"San Francisco County, CA","06075","2018","2018",237,883305,26.83,23.42,30.25
,"San Francisco County, CA","06075","2019","2019",402,881549,45.60,41.14,50.06
,"San Francisco County, CA","06075","2020","2020",547,866606,63.12,57.83,68.41
,"San Francisco County, CA","06075","2021","2021",554,815201,67.96,62.30,73.62
,"San Francisco County, CA","06075","2022","2022",475,808437,58.76,53.47,64.04
,"San Francisco County, CA","06075","2023","2023",618,808988,76.39,70.37,82.41
,"San Francisco County, CA","06075","2024","2024",493,827526,59.58,54.32,64.83
,"San Joaquin County, CA","06077","2018","2018",122,752660,16.21,13.33,19.09
,"San Joaquin County, CA","06077","2019","2019",124,762148,16.27,13.41,19.13
,"San Joaquin County, CA","06077","2020","2020",161,767967,20.96,17.73,24.20
,"San Joaquin County, CA","06077","2021","2021",210,789410,26.60,23.00,30.20
,"San Joaquin County, CA","06077","2022","2022",176,793229,22.19,18.91,25.47
,"San Joaquin County, CA","06077","2023","2023",254,800965,31.71,27.81,35.61
,"San Joaquin County, CA","06077","2024","2024",201,816108,24.63,21.22,28.03
,"San Luis Obispo County, CA","06079","2018","2018",44,284010,15.49,11.26,20.80
,"San Luis Obispo County, CA","06079","2019","2019",52,283111,18.37,13.72,24.09
,"San Luis Obispo County, CA","06079","2020","2020",84,282249,29.76,23.74,36.85
,"San Luis Obispo County, CA","06079","2021","2021",116,283159,40.97,33.51,48.42
,"San Luis Obispo County, CA","06079","2022","2022",92,282013,32.62,26.30,40.01
,"San Luis Obispo County, CA","06079","2023","2023",101,281639,35.86,28.87,42.86
,"San Luis Obispo County, CA","06079","2024","2024",67,281843,23.77,18.42,30.19
,"San Mateo County, CA","06081","2018","2018",66,769545,8.58,6.63,10.91
,"San Mateo County, CA","06081","2019","2019",99,766573,12.91,10.50,15.72
,"San Mateo County, CA","06081","2020","2020",123,758308,16.22,13.35,19.09
,"San Mateo County, CA","06081","2021","2021",137,737888,18.57,15.46,21.68
,"San Mateo County, CA","06081","2022","2022",113,729181,15.50,12.64,18.35
,"San Mateo County, CA","06081","2023","2023",120,726353,16.52,13.56,19.48
,"San Mateo County, CA","06081","2024","2024",87,742893,11.71,9.38,14.45
,"Santa Barbara County, CA","06083","2018","2018",72,446527,16.12,12.62,20.31
,"Santa Barbara County, CA","06083","2019","2019",81,446499,18.14,14.41,22.55
,"Santa Barbara County, CA","06083","2020","2020",89,444766,20.01,16.07,24.62
,"Santa Barbara County, CA","06083","2021","2021",125,446475,28.00,23.09,32.91
,"Santa Barbara County, CA","06083","2022","2022",129,443837,29.06,24.05,34.08
,"Santa Barbara County, CA","06083","2023","2023",146,441257,33.09,27.72,38.45
,"Santa Barbara County, CA","06083","2024","2024",92,444500,20.70,16.69,25.38
,"Santa Clara County, CA","06085","2018","2018",175,1937570,9.03,7.69,10.37
,"Santa Clara County, CA","06085","2019","2019",216,1927852,11.20,9.71,12.70
,"Santa Clara County, CA","06085","2020","2020",302,1907105,15.84,14.05,17.62
,"Santa Clara County, CA","06085","2021","2021",321,1885508,17.02,15.16,18.89
,"Santa Clara County, CA","06085","2022","2022",363,1870945,19.40,17.41,21.40
,"Santa Clara County, CA","06085","2023","2023",357,1877592,19.01,17.04,20.99
,"Santa Clara County, CA","06085","2024","2024",279,1926325,14.48,12.78,16.18
,"Santa Cruz County, CA","06087","2018","2018",42,274255,15.31,11.04,20.70
,"Santa Cruz County, CA","06087","2019","2019",54,273213,19.76,14.85,25.79
,"Santa Cruz County, CA","06087","2020","2020",60,269925,22.23,16.96,28.61
,"Santa Cruz County, CA","06087","2021","2021",83,267792,30.99,24.69,38.42
,"Santa Cruz County, CA","06087","2022","2022",93,264370,35.18,28.39,43.10
,"Santa Cruz County, CA","06087","2023","2023",136,261547,52.00,43.26,60.74
,"Santa Cruz County, CA","06087","2024","2024",95,262406,36.20,29.29,44.26
,"Shasta County, CA","06089","2018","2018",34,180040,18.88,13.08,26.39
,"Shasta County, CA","06089","2019","2019",36,180080,19.99,14.00,27.68
,"Shasta County, CA","06089","2020","2020",50,179027,27.93,20.73,36.82
,"Shasta County, CA","06089","2021","2021",75,182139,41.18,32.39,51.62
,"Shasta County, CA","06089","2022","2022",66,180930,36.48,28.21,46.41
,"Shasta County, CA","06089","2023","2023",84,180366,46.57,37.15,57.66
,"Shasta County, CA","06089","2024","2024",64,181121,35.34,27.21,45.12
,"Siskiyou County, CA","06093","2020","2020",10,43245,23.12,11.09,42.53
,"Siskiyou County, CA","06093","2021","2021",18,44118,40.80,24.18,64.48
,"Siskiyou County, CA","06093","2022","2022",23,43660,52.68,33.39,79.05
,"Siskiyou County, CA","06093","2023","2023",18,42905,41.95,24.86,66.30
,"Siskiyou County, CA","06093","2024","2024",10,42498,23.53,11.28,43.27
,"Solano County, CA","06095","2018","2018",79,446610,17.69,14.00,22.05
,"Solano County, CA","06095","2019","2019",77,447643,17.20,13.57,21.50
,"Solano County, CA","06095","2020","2020",80,446935,17.90,14.19,22.28
,"Solano County, CA","06095","2021","2021",120,451716,26.57,21.81,31.32
,"Solano County, CA","06095","2022","2022",134,448747,29.86,24.80,34.92
,"Solano County, CA","06095","2023","2023",142,449218,31.61,26.41,36.81
,"Solano County, CA","06095","2024","2024",119,455101,26.15,21.45,30.85
,"Sonoma County, CA","06097","2018","2018",78,499942,15.60,12.33,19.47
,"Sonoma County, CA","06097","2019","2019",100,494336,20.23,16.26,24.19
,"Sonoma County, CA","06097","2020","2020",146,489819,29.81,24.97,34.64
,"Sonoma County, CA","06097","2021","2021",159,485887,32.72,27.64,37.81
,"Sonoma County, CA","06097","2022","2022",120,482650,24.86,20.41,29.31
,"Sonoma County, CA","06097","2023","2023",133,481812,27.60,22.91,32.30
,"Sonoma County, CA","06097","2024","2024",112,485375,23.07,18.80,27.35
,"Stanislaus County, CA","06099","2018","2018",79,549815,14.37,11.38,17.91
,"Stanislaus County, CA","06099","2019","2019",83,550660,15.07,12.01,18.69
,"Stanislaus County, CA","06099","2020","2020",130,550081,23.63,19.57,27.70
,"Stanislaus County, CA","06099","2021","2021",164,552999,29.66,25.12,34.20
,"Stanislaus County, CA","06099","2022","2022",181,551275,32.83,28.05,37.62
,"Stanislaus County, CA","06099","2023","2023",189,551430,34.27,29.39,39.16
,"Stanislaus County, CA","06099","2024","2024",162,556972,29.09,24.61,33.56
,"Sutter County, CA","06101","2018","2018",16,96807,16.53,9.45,26.84
,"Sutter County, CA","06101","2020","2020",17,96385,17.64,10.27,28.24
,"Sutter County, CA","06101","2021","2021",35,99063,35.33,24.61,49.14
,"Sutter County, CA","06101","2022","2022",38,98503,38.58,27.30,52.95
,"Sutter County, CA","06101","2023","2023",23,97948,23.48,14.89,35.23
,"Sutter County, CA","06101","2024","2024",25,98545,25.37,16.42,37.45
,"Tehama County, CA","06103","2021","2021",22,65498,33.59,21.05,50.85
,"Tehama County, CA","06103","2022","2022",29,65245,44.45,29.77,63.83
,"Tehama County, CA","06103","2023","2023",42,64896,64.72,46.64,87.48
,"Tehama County, CA","06103","2024","2024",36,64451,55.86,39.12,77.33
,"Tulare County, CA","06107","2018","2018",53,465861,11.38,8.52,14.88
,"Tulare County, CA","06107","2019","2019",41,466195,8.79,6.31,11.93
,"Tulare County, CA","06107","2020","2020",71,468680,15.15,11.83,19.11
,"Tulare County, CA","06107","2021","2021",92,477054,19.29,15.55,23.65
,"Tulare County, CA","06107","2022","2022",103,477544,21.57,17.40,25.73
,"Tulare County, CA","06107","2023","2023",111,479468,23.15,18.84,27.46
,"Tulare County, CA","06107","2024","2024",101,483546,20.89,16.81,24.96
,"Tuolumne County, CA","06109","2019","2019",12,54478,22.03,11.38,38.48
,"Tuolumne County, CA","06109","2020","2020",10,54515,18.34,8.80,33.73
,"Tuolumne County, CA","06109","2021","2021",17,55810,30.46,17.74,48.77
,"Tuolumne County, CA","06109","2022","2022",20,54531,36.68,22.40,56.64
,"Tuolumne County, CA","06109","2023","2023",21,54204,38.74,23.98,59.22
,"Tuolumne County, CA","06109","2024","2024",25,53893,46.39,30.02,68.48
,"Ventura County, CA","06111","2018","2018",135,850967,15.86,13.19,18.54
,"Ventura County, CA","06111","2019","2019",136,846006,16.08,13.37,18.78
,"Ventura County, CA","06111","2020","2020",190,841387,22.58,19.37,25.79
,"Ventura County, CA","06111","2021","2021",264,839784,31.44,27.64,35.23
,"Ventura County, CA","06111","2022","2022",247,832605,29.67,25.97,33.37
,"Ventura County, CA","06111","2023","2023",266,829590,32.06,28.21,35.92
,"Ventura County, CA","06111","2024","2024",170,835427,20.35,17.29,23.41
,"Yolo County, CA","06113","2018","2018",20,220408,9.07,5.54,14.01
,"Yolo County, CA","06113","2019","2019",27,220500,12.24,8.07,17.82
,"Yolo County, CA","06113","2020","2020",32,219728,14.56,9.96,20.56
,"Yolo County, CA","06113","2021","2021",33,216986,15.21,10.47,21.36
,"Yolo County, CA","06113","2022","2022",45,222115,20.26,14.78,27.11
,"Yolo County, CA","06113","2023","2023",43,220544,19.50,14.11,26.26
,"Yolo County, CA","06113","2024","2024",46,225251,20.42,14.95,27.24
,"Yuba County, CA","06115","2018","2018",14,78041,17.94,9.81,30.10
,"Yuba County, CA","06115","2019","2019",12,78668,15.25,7.88,26.65
,"Yuba County, CA","06115","2020","2020",17,80160,21.21,12.35,33.96
,"Yuba County, CA","06115","2021","2021",26,83421,31.17,20.36,45.67
,"Yuba County, CA","06115","2022","2022",39,84310,46.26,32.89,63.24
,"Yuba County, CA","06115","2023","2023",33,85722,38.50,26.50,54.06
,"Yuba County, CA","06115","2024","2024",32,87469,36.58,25.02,51.65
"---"
"Dataset: Provisional Mortality Statistics, 2018 through Last Week"
"Query Parameters:"
"Residence States: California (06)"
"UCD - Drug/Alcohol Induced Causes: Drug poisonings (overdose) Unintentional (X40-X44); Drug poisonings (overdose) Suicide"
"(X60-X64); Drug poisonings (overdose) Homicide (X85); Drug poisonings (overdose) Undetermined (Y10-Y14)"
"Year/Month: 2018; 2019; 2020; 2021; 2022; 2023; 2024"
"Group By: Residence County; Year"
"Show Totals: Disabled"
"Show Zero Values: False"
"Show Suppressed: False"
"Calculate Rates Per: 100,000"
"Rate Options: Default intercensal populations for years 2001-2009 (except Infant Age Groups)"
"---"
"Help: See http://wonder.cdc.gov/wonder/help/mcd-provisional.html for more information."
"---"
"Query Date: Feb 26, 2026 7:20:39 AM"
"---"
"Suggested Citation: Centers for Disease Control and Prevention, National Center for Health Statistics. National Vital Statistics"
"System, Provisional Mortality on CDC WONDER Online Database. Data are from the final Multiple Cause of Death Files, 2018-2024,"
"and from provisional data for years 2025 and later, as compiled from data provided by the 57 vital statistics jurisdictions"
"through the Vital Statistics Cooperative Program. Accessed at http://wonder.cdc.gov/mcd-icd10-provisional.html on Feb 26, 2026"
"7:20:39 AM"
"---"
Messages:
"1. Totals are not available for these results due to suppression constraints. More Information:"
"http://wonder.cdc.gov/wonder/help/faq.html#Privacy."
"2. Rows with zero Deaths are hidden. Use Quick Options above to show zero rows."
"3. Rows with suppressed Deaths are hidden. Use Quick Options above to show suppressed rows."
"---"
Caveats:
"1. Data are Suppressed when the data meet the criteria for confidentiality constraints. More information:"
"http://wonder.cdc.gov/wonder/help/mcd-provisional.html#Assurance of Confidentiality."
"2. The method used to calculate 95% confidence intervals is documented here: More information:"
"http://wonder.cdc.gov/wonder/help/mcd-provisional.html#Confidence-Intervals."
"3. The population estimates for years 2022 - 2026 are from separate series of estimates based on the Modified Blended Base"
"produced by the US Census Bureau in lieu of the April 1, 2020 decennial population count. The Modified Blended Base consists of"
"the blend of Vintage 2020 postcensal population estimates for April 1, 2020, 2020 Demographic Analysis Estimates, and 2020"
"Census data from the internal Census Edited File (CEF). Each subsequent series of estimates adjusts the methodology. The"
"population figures for years 2024 and later are single-race estimates of the July 1 resident population, from the Vintage 2024"
"postcensal series released by the Census Bureau on June 26, 2025. The population figures for year 2023 are single-race estimates"
"of the July 1 resident population, from the Vintage 2023 postcensal series released by the Census Bureau on June 27, 2024. The"
"population figures for year 2022 are single-race estimates of the July 1 resident population, from the Vintage 2022 postcensal"
"series released by the Census Bureau on June 22, 2023. The population figures for year 2021 are single-race estimates of the"
"July 1 resident population, based on the Blended Base produced by the US Census Bureau in lieu of the April 1, 2020 decennial"
"population count, from the Vintage 2021 postcensal series released by the Census Bureau on June 30, 2022. The population figures"
"for year 2020 are single-race estimates of the July 1 resident population, from the Vintage 2020 postcensal series based on"
"April 2010 Census, released by the Census Bureau on July 27, 2021. The population figures for year 2019 are single-race"
"estimates of the July 1 resident population, from the Vintage 2019 postcensal series based on April 2010 Census, released by the"
"Census Bureau on June 25, 2020. The population figures for year 2018 are single-race estimates of the July 1 resident"
"population, from the Vintage 2018 postcensal series based on April 2010 Census, released by the Census Bureau on June 20, 2019."
"More information: http://wonder.cdc.gov/wonder/help/mcd-provisional.html#Population Data."
"4. The population figures used in the calculation of death rates for the age group 'under 1 year' are the estimates of the"
"resident population that is under one year of age. More information: http://wonder.cdc.gov/wonder/help/mcd-provisional.html#Age"
"Group."
"5. After the creation of the final 2023 dataset, North Carolina updated the cause of death information for over 900 death"
"certificates to include a cause of death code indicating drug overdose (ICD-10 underlying cause-of-death codes: X40-X44,"
"X60-X64, X85, and Y10-Y14). Jurisdictions can continue to update death certificates after the closing of the mortality file. As"
"a result, users should consider that the actual death count for drug overdose deaths for North Carolina in 2023 is over 4,400"
"deaths, with a crude rate of approximately 41.0 per 100,000 population, and an age-adjusted rate of approximately 42.1 per"
"100,000 population. These deaths will not be updated on the final mortality datasets."
"6. Deaths occurring through February 14, 2026 as of February 22, 2026."